{"count":1,"gauges":{},"self":4.16834,"total":4.1932567,"children":{"AgentSendState":{"count":167,"self":0.007948199999999999,"total":0.014896,"children":{"CollectObservations":{"count":264,"self":0.0069478,"total":0.0069478,"children":null}}},"DecideAction":{"count":167,"self":0.00098479999999999987,"total":0.00098479999999999987,"children":null},"AgentAct":{"count":167,"self":0.0070113,"total":0.0070113,"children":null}}}