{"count":1,"gauges":{"RoboBlock.CumulativeReward":{"count":46,"max":18.2787361,"min":10.9078493,"value":18.2787361,"weightedAverage":16.07477}},"self":204.08520959999998,"total":252.1710125,"children":{"AgentSendState":{"count":12599,"self":2.1663959999999998,"total":3.0896258999999997,"children":{"CollectObservations":{"count":20124,"self":0.92323,"total":0.92323,"children":null}}},"DecideAction":{"count":12599,"self":37.410384,"total":42.822134899999995,"children":{"RayPerceptionSensor.Perceive":{"count":20124,"self":5.4117511999999994,"total":5.4117514,"children":null}}},"AgentAct":{"count":12599,"self":2.1730454,"total":2.1730454,"children":null}}}